BAIRRO,CASOS_CONFIRMADOS,COEFICIENTE_INCIDENCIA,POPULACAO,RECUPERADOS,CIDADE,procurar,raw,LATITUDE,LONGITUDE,POINT
Acupe,1375,122.63,11213,1319,Salvador,"Salvador, Acupe","Acupe, Salvador, Região Geográfica Imediata de Salvador, Região Metropolitana de Salvador, Região Geográfica Intermediária de Salvador, Bahia, Região Nordeste, Brasil",-129.927.448,-384.937.012,"12 59m 33.8813s S, 38 29m 37.3243s W"
Aeroporto,20,0.0,0,18,Salvador,"Salvador, Aeroporto","Aeroporto, Salvador, Região Geográfica Imediata de Salvador, Região Metropolitana de Salvador, Região Geográfica Intermediária de Salvador, Bahia, Região Nordeste, Brasil",-129.174.425,-383.294.749,"12 55m 2.793s S, 38 19m 46.1096s W"
Aguas Claras,3371,91.04,37029,3212,Salvador,"Salvador, Aguas Claras","Águas Claras, Salvador, Região Geográfica Imediata de Salvador, Região Metropolitana de Salvador, Região Geográfica Intermediária de Salvador, Bahia, Região Nordeste, Brasil",-1.288.806.345,-3.843.453.984.517.770,"12 53m 17.0284s S, 38 26m 4.34344s W"
Alto da Terezinha,424,30.26,14010,403,Salvador,"Salvador, Alto da Terezinha","Alto da Terezinha, Salvador, Região Geográfica Imediata de Salvador, Região Metropolitana de Salvador, Região Geográfica Intermediária de Salvador, Bahia, Região Nordeste, 40711-160, Brasil",-12.881.484,-384.772.489,"12 52m 53.3424s S, 38 28m 38.096s W"
Alto das Pombas,633,165.58,3823,618,Salvador,"Salvador, Alto das Pombas","Alto das Pombas, Salvador, Região Geográfica Imediata de Salvador, Região Metropolitana de Salvador, Região Geográfica Intermediária de Salvador, Bahia, Região Nordeste, Brasil",-130.011.662,-385.137.112,"13 0m 4.19832s S, 38 30m 49.3603s W"
Alto do Cabrito,985,57.77,17051,941,Salvador,"Salvador, Alto do Cabrito","Alto do Cabrito, Salvador, Região Geográfica Imediata de Salvador, Região Metropolitana de Salvador, Região Geográfica Intermediária de Salvador, Bahia, Região Nordeste, 40470-630, Brasil",-129.110.698,-384.755.217,"12 54m 39.8513s S, 38 28m 31.8781s W"
Alto do Coqueirinho,481,43.16,11145,443,Salvador,"Salvador, Alto do Coqueirinho","Alto do Coqueirinho, Salvador, Região Geográfica Imediata de Salvador, Região Metropolitana de Salvador, Região Geográfica Intermediária de Salvador, Bahia, Região Nordeste, Brasil",-129.414.165,-383.714.894,"12 56m 29.0994s S, 38 22m 17.3618s W"
Amaralina,1102,267.15,4125,1039,Salvador,"Salvador, Amaralina","Amaralina, Salvador, Região Geográfica Imediata de Salvador, Região Metropolitana de Salvador, Região Geográfica Intermediária de Salvador, Bahia, Região Nordeste, Brasil",-13.012.637,-38.472.892,"13 0m 45.4932s S, 38 28m 22.4112s W"
Areia Branca,115,44.33,2594,103,Salvador,"Salvador, Areia Branca","Areia Branca, Salvador, Região Geográfica Imediata de Salvador, Região Metropolitana de Salvador, Região Geográfica Intermediária de Salvador, Bahia, Região Nordeste, Brasil",-128.475.541,-38.359.295,"12 50m 51.1948s S, 38 21m 33.462s W"
Arenoso,1192,71.79,16604,1137,Salvador,"Salvador, Arenoso","Vila Arenoso, Novo Horizonte, Salvador, Região Geográfica Imediata de Salvador, Região Metropolitana de Salvador, Região Geográfica Intermediária de Salvador, Bahia, Região Nordeste, Brasil",-129.479.091,-38.442.128.489.520.200,"12 56m 52.4728s S, 38 26m 31.6626s W"
Arraial do Retiro,550,61.54,8938,523,Salvador,"Salvador, Arraial do Retiro","Vila Arraial do Retiro, São Gonçalo do Retiro, Salvador, Região Geográfica Imediata de Salvador, Região Metropolitana de Salvador, Região Geográfica Intermediária de Salvador, Bahia, Região Nordeste, Brasil",-129.444.672,-38.466.588.815.993.800,"12 56m 40.0819s S, 38 27m 59.7197s W"
Bairro da Paz,1192,61.42,19407,1135,Salvador,"Salvador, Bairro da Paz","Bairro da Paz, Salvador, Região Geográfica Imediata de Salvador, Região Metropolitana de Salvador, Região Geográfica Intermediária de Salvador, Bahia, Região Nordeste, Brasil",-129.290.087,-383.749.638,"12 55m 44.4313s S, 38 22m 29.8697s W"
Baixa de Quintas,453,212.18,2135,430,Salvador,"Salvador, Baixa de Quintas","Baixa de Quintas, Salvador, Região Geográfica Imediata de Salvador, Região Metropolitana de Salvador, Região Geográfica Intermediária de Salvador, Bahia, Região Nordeste, 40300-415, Brasil",-129.637.829,-384.906.761,"12 57m 49.6184s S, 38 29m 26.434s W"
Barbalho,1196,129.62,9227,1130,Salvador,"Salvador, Barbalho","Barbalho, Salvador, Região Geográfica Imediata de Salvador, Região Metropolitana de Salvador, Região Geográfica Intermediária de Salvador, Bahia, Região Nordeste, Brasil",-12.966.688,-385.014.825,"12 58m 0.0768s S, 38 30m 5.337s W"
Barra,2787,161.12,17298,2634,Salvador,"Salvador, Barra","Barra, Salvador, Região Geográfica Imediata de Salvador, Região Metropolitana de Salvador, Região Geográfica Intermediária de Salvador, Bahia, Região Nordeste, 40140-320, Brasil",-130.064.362,-38.527.901,"13 0m 23.1703s S, 38 31m 40.4436s W"
Barreiras,1352,75.28,17960,1290,Salvador,"Salvador, Barreiras","Barreiras, Salvador, Região Geográfica Imediata de Salvador, Região Metropolitana de Salvador, Região Geográfica Intermediária de Salvador, Bahia, Região Nordeste, 41213-122, Brasil",-129.440.749,-384.583.423,"12 56m 38.6696s S, 38 27m 30.0323s W"
Barris,999,206.19,4845,951,Salvador,"Salvador, Barris","Barris, Salvador, Região Geográfica Imediata de Salvador, Região Metropolitana de Salvador, Região Geográfica Intermediária de Salvador, Bahia, Região Nordeste, 40070-055, Brasil",-12.986.383,-385.138.481,"12 59m 10.9788s S, 38 30m 49.8532s W"
Beiru/Tancredo Neves,4169,82.69,50416,4009,Salvador,"Salvador, Beiru/Tancredo Neves","Vila Beiru - Tancredo Neves, Novo Horizonte, Salvador, Região Geográfica Imediata de Salvador, Região Metropolitana de Salvador, Região Geográfica Intermediária de Salvador, Bahia, Região Nordeste, Brasil",-129.464.211,-3.844.662.880.804.650,"12 56m 47.116s S, 38 26m 47.8637s W"
Boa Viagem,335,144.27,2322,281,Salvador,"Salvador, Boa Viagem","Boa Viagem, Salvador, Região Geográfica Imediata de Salvador, Região Metropolitana de Salvador, Região Geográfica Intermediária de Salvador, Bahia, Região Nordeste, Brasil",-129.317.767,-385.117.881,"12 55m 54.3961s S, 38 30m 42.4372s W"
Boa Vista de Brotas,46,15.52,2964,40,Salvador,"Salvador, Boa Vista de Brotas","Boa Vista de Brotas, Salvador, Região Geográfica Imediata de Salvador, Região Metropolitana de Salvador, Região Geográfica Intermediária de Salvador, Bahia, Região Nordeste, Brasil",-129.829.256,-385.003.987,"12 58m 58.5322s S, 38 30m 1.43532s W"
Boa Vista de Sao Caetano,1358,76.78,17688,1300,Salvador,"Salvador, Boa Vista de Sao Caetano","Boa Vista de São Caetano, Salvador, Região Geográfica Imediata de Salvador, Região Metropolitana de Salvador, Região Geográfica Intermediária de Salvador, Bahia, Região Nordeste, 41275-194, Brasil",-129.259.002,-384.765.003,"12 55m 33.2407s S, 38 28m 35.4011s W"
Boca da Mata,708,87.75,8068,677,Salvador,"Salvador, Boca da Mata","Boca da Mata, Salvador, Região Geográfica Imediata de Salvador, Região Metropolitana de Salvador, Região Geográfica Intermediária de Salvador, Bahia, Região Nordeste, Brasil",-129.002.501,-383.875.179,"12 54m 0.90036s S, 38 23m 15.0644s W"
Boca do Rio,4189,87.21,48032,4028,Salvador,"Salvador, Boca do Rio","Boca do Rio, Salvador, Região Geográfica Imediata de Salvador, Região Metropolitana de Salvador, Região Geográfica Intermediária de Salvador, Bahia, Região Nordeste, Brasil",-129.774.493,-384.279.508,"12 58m 38.8175s S, 38 25m 40.6229s W"
Bom Jua,97,6.25,15528,74,Salvador,"Salvador, Bom Jua","Bom Juá, Rodovia Engenheiro Vasco Filho, Calabetão, Salvador, Região Geográfica Imediata de Salvador, Região Metropolitana de Salvador, Região Geográfica Intermediária de Salvador, Bahia, Região Nordeste, 40354-135, Brasil",-1.294.071.195,-3.847.052.094.387.120,"12 56m 26.563s S, 38 28m 13.8754s W"
Bonfim,1511,159.96,9446,1439,Salvador,"Salvador, Bonfim","Bonfim, Salvador, Região Geográfica Imediata de Salvador, Região Metropolitana de Salvador, Região Geográfica Intermediária de Salvador, Bahia, Região Nordeste, Brasil",-129.256.811,-385.082.913,"12 55m 32.452s S, 38 30m 29.8487s W"
Brotas,7861,112.05,70158,7566,Salvador,"Salvador, Brotas","Brotas, Salvador, Região Geográfica Imediata de Salvador, Região Metropolitana de Salvador, Região Geográfica Intermediária de Salvador, Bahia, Região Nordeste, Brasil",-129.872.478,-384.897.444,"12 59m 14.0921s S, 38 29m 23.0798s W"
Cabula,4657,195.11,23869,4495,Salvador,"Salvador, Cabula","Cabula, Salvador, Região Geográfica Imediata de Salvador, Região Metropolitana de Salvador, Região Geográfica Intermediária de Salvador, Bahia, Região Nordeste, Brasil",-12.956.494,-384.635.954,"12 57m 23.3784s S, 38 27m 48.9434s W"
Cabula VI,1556,145.04,10728,1482,Salvador,"Salvador, Cabula VI","Cabula VI, COHAB, Salvador, Região Geográfica Imediata de Salvador, Região Metropolitana de Salvador, Região Geográfica Intermediária de Salvador, Bahia, Região Nordeste, Brasil",-12.955.436.599.999.900,-3.843.828.698.794.810,"12 57m 19.5718s S, 38 26m 17.8332s W"
Caixa D'Agua,2276,101.4,22446,2178,Salvador,"Salvador, Caixa D'Agua","Caixa D'Água, Salvador, Região Geográfica Imediata de Salvador, Região Metropolitana de Salvador, Região Geográfica Intermediária de Salvador, Bahia, Região Nordeste, 40320-010, Brasil",-129.581.223,-384.941.411,"12 57m 29.2403s S, 38 29m 38.908s W"
Cajazeiras II,111,97.63,1137,78,Salvador,"Salvador, Cajazeiras II","Cajazeiras, Salvador, Região Geográfica Imediata de Salvador, Região Metropolitana de Salvador, Região Geográfica Intermediária de Salvador, Bahia, Região Nordeste, 41338-700, Brasil",-12.899.938,-384.081.574,"12 53m 59.7768s S, 38 24m 29.3666s W"
Cajazeiras IV,234,69.56,3364,229,Salvador,"Salvador, Cajazeiras IV","Cajazeiras, Salvador, Região Geográfica Imediata de Salvador, Região Metropolitana de Salvador, Região Geográfica Intermediária de Salvador, Bahia, Região Nordeste, 41338-700, Brasil",-12.899.938,-384.081.574,"12 53m 59.7768s S, 38 24m 29.3666s W"
Cajazeiras V,344,63.45,5422,322,Salvador,"Salvador, Cajazeiras V","Cajazeiras, Salvador, Região Geográfica Imediata de Salvador, Região Metropolitana de Salvador, Região Geográfica Intermediária de Salvador, Bahia, Região Nordeste, 41338-700, Brasil",-12.899.938,-384.081.574,"12 53m 59.7768s S, 38 24m 29.3666s W"
Cajazeiras VI,288,39.23,7341,270,Salvador,"Salvador, Cajazeiras VI","Cajazeiras, Salvador, Região Geográfica Imediata de Salvador, Região Metropolitana de Salvador, Região Geográfica Intermediária de Salvador, Bahia, Região Nordeste, 41338-700, Brasil",-12.899.938,-384.081.574,"12 53m 59.7768s S, 38 24m 29.3666s W"
Cajazeiras VII,389,85.99,4524,378,Salvador,"Salvador, Cajazeiras VII",,-12.889.866,-38.428.085,
Cajazeiras VIII,913,70.16,13013,871,Salvador,"Salvador, Cajazeiras VIII",,-12.902.097,-38.419.885,
Cajazeiras X,737,86.57,8513,709,Salvador,"Salvador, Cajazeiras X","Cajazeiras X, Salvador, Região Geográfica Imediata de Salvador, Região Metropolitana de Salvador, Região Geográfica Intermediária de Salvador, Bahia, Região Nordeste, 41340-480, Brasil",-128.928.614,-384.114.996,"12 53m 34.301s S, 38 24m 41.3986s W"
Cajazeiras XI,1353,80.06,16899,1315,Salvador,"Salvador, Cajazeiras XI","Cajazeiras XI, Salvador, Região Geográfica Imediata de Salvador, Região Metropolitana de Salvador, Região Geográfica Intermediária de Salvador, Bahia, Região Nordeste, 41341-590, Brasil",-128.795.528,-384.062.022,"12 52m 46.3901s S, 38 24m 22.3279s W"
Calabar,197,30.38,6484,190,Salvador,"Salvador, Calabar","Calabar, Salvador, Região Geográfica Imediata de Salvador, Região Metropolitana de Salvador, Região Geográfica Intermediária de Salvador, Bahia, Região Nordeste, Brasil",-13.003.251,-385.152.233,"13 0m 11.7036s S, 38 30m 54.8039s W"
Calabetao,546,74.82,7298,521,Salvador,"Salvador, Calabetao","Calabetão, Salvador, Região Geográfica Imediata de Salvador, Região Metropolitana de Salvador, Região Geográfica Intermediária de Salvador, Bahia, Região Nordeste, 41275-194, Brasil",-129.326.581,-384.697.268,"12 55m 57.5692s S, 38 28m 11.0165s W"
Calcada,240,47.77,5024,228,Salvador,"Salvador, Calcada","Calçada, Salvador, Região Geográfica Imediata de Salvador, Região Metropolitana de Salvador, Região Geográfica Intermediária de Salvador, Bahia, Região Nordeste, Brasil",-129.448.131,-384.988.618,"12 56m 41.3272s S, 38 29m 55.9025s W"
Caminho das Arvores,2930,237.77,12323,2837,Salvador,"Salvador, Caminho das Arvores","Caminho das Árvores, Salvador, Região Geográfica Imediata de Salvador, Região Metropolitana de Salvador, Região Geográfica Intermediária de Salvador, Bahia, Região Nordeste, Brasil",-129.824.528,-384.583.033,"12 58m 56.8301s S, 38 27m 29.8919s W"
Caminho de Areia,775,62.92,12318,746,Salvador,"Salvador, Caminho de Areia","Caminho de Areia, Salvador, Região Geográfica Imediata de Salvador, Região Metropolitana de Salvador, Região Geográfica Intermediária de Salvador, Bahia, Região Nordeste, Brasil",-129.306.224,-385.045.481,"12 55m 50.2406s S, 38 30m 16.3732s W"
Campinas de Piraja,1291,110.6,11673,1228,Salvador,"Salvador, Campinas de Piraja","Vila Campinas de Pirajá - Marechal Rondon, Marechal Rondom, Salvador, Região Geográfica Imediata de Salvador, Região Metropolitana de Salvador, Região Geográfica Intermediária de Salvador, Bahia, Região Nordeste, Brasil",-12.915.225.849.999.900,-3.846.876.095.556.050,"12 54m 54.8131s S, 38 28m 7.53944s W"
Canabrava,1269,92.87,13664,1213,Salvador,"Salvador, Canabrava","Canabrava, São José do Mucambo, Esplanada, Região Geográfica Imediata de Alagoinhas, Região Geográfica Intermediária de Salvador, Bahia, Região Nordeste, Brasil",-12.920.320,-38.419.885,"11 45m 41.1599s S, 38 7m 30.684s W"
Candeal,2031,149.86,13553,1957,Salvador,"Salvador, Candeal","Candeal, Salvador, Região Geográfica Imediata de Salvador, Região Metropolitana de Salvador, Região Geográfica Intermediária de Salvador, Bahia, Região Nordeste, 40296-210, Brasil",,-384.813.605,"12 59m 40.4693s S, 38 28m 52.8978s W"
Canela,814,152.46,5339,764,Salvador,"Salvador, Canela","Canela, Salvador, Região Geográfica Imediata de Salvador, Região Metropolitana de Salvador, Região Geográfica Intermediária de Salvador, Bahia, Região Nordeste, Brasil",-129.929.978,-385.210.151,"12 59m 34.7921s S, 38 31m 15.6544s W"
Capelinha,982,61.25,16033,936,Salvador,"Salvador, Capelinha","Capelinha, Salvador, Região Geográfica Imediata de Salvador, Região Metropolitana de Salvador, Região Geográfica Intermediária de Salvador, Bahia, Região Nordeste, 40395-200, Brasil",-129.292.677,-384.837.569,"12 55m 45.3637s S, 38 29m 1.52484s W"
Cassange,203,43.82,4633,182,Salvador,"Salvador, Cassange","Cassange, Salvador, Região Geográfica Imediata de Salvador, Região Metropolitana de Salvador, Região Geográfica Intermediária de Salvador, Bahia, Região Nordeste, 41507-050, Brasil",-128.751.229,-383.798.065,"12 52m 30.4424s S, 38 22m 47.3034s W"
Castelo Branco,2997,89.44,33510,2856,Salvador,"Salvador, Castelo Branco","Salvador, Penamacor, Castelo Branco, Portugal",-12.904.216,-38.434.333,"40 5m 19.6163s N, 7 5m 26.9056s W"
Centro,3716,236.76,15695,3577,Salvador,"Salvador, Centro","Centro, Salvador, Região Geográfica Imediata de Salvador, Região Metropolitana de Salvador, Região Geográfica Intermediária de Salvador, Bahia, Região Nordeste, Brasil",-129.868.142,-385.198.145,"12 59m 12.5311s S, 38 31m 11.3322s W"
Centro Administrativo da Bahia,95,0.0,0,86,Salvador,"Salvador, Centro Administrativo da Bahia","Centro Administrativo da Bahia, Salvador, Região Geográfica Imediata de Salvador, Região Metropolitana de Salvador, Região Geográfica Intermediária de Salvador, Bahia, Região Nordeste, Brasil",-129.491.408,-384.310.335,"12 56m 56.9069s S, 38 25m 51.7206s W"
Centro Historico,89,39.5,2253,87,Salvador,"Salvador, Centro Historico","Centro Histórico, San Salvador, Departamento de San Salvador, 1011, El Salvador",-12.973.174,-38.509.728,"13 41m 55.8973s N, 89 11m 38.8569s W"
Chame - Chame,397,0.0,0,373,Salvador,"Salvador, Chame - Chame","Chame-Chame, Salvador, Região Geográfica Imediata de Salvador, Região Metropolitana de Salvador, Região Geográfica Intermediária de Salvador, Bahia, Região Nordeste, 41140-460, Brasil",-130.043.121,-385.203.731,"13 0m 15.5236s S, 38 31m 13.3432s W"
Chapada do Rio Vermelho,149,6.79,21955,146,Salvador,"Salvador, Chapada do Rio Vermelho","Chapada do Rio Vermelho, Salvador, Região Geográfica Imediata de Salvador, Região Metropolitana de Salvador, Região Geográfica Intermediária de Salvador, Bahia, Região Nordeste, Brasil",-130.053.325,-384.802.303,"13 0m 19.197s S, 38 28m 48.8291s W"
Cidade Nova,1702,90.91,18722,1624,Salvador,"Salvador, Cidade Nova","Cidade Nova, Salvador, Região Geográfica Imediata de Salvador, Região Metropolitana de Salvador, Região Geográfica Intermediária de Salvador, Bahia, Região Nordeste, 40315-230, Brasil",-129.639.484,-384.849.824,"12 57m 50.2142s S, 38 29m 5.93664s W"
Colinas de Periperi,49,0.0,0,48,Salvador,"Salvador, Colinas de Periperi","Vila Colinas de Periperi, Salvador, Região Geográfica Imediata de Salvador, Região Metropolitana de Salvador, Região Geográfica Intermediária de Salvador, Bahia, Região Nordeste, Brasil",-1.286.457.905,-3.845.839.921.835.810,"12 51m 52.4846s S, 38 27m 30.2372s W"
Comercio,323,240.15,1345,309,Salvador,"Salvador, Comercio","Comércio, Salvador, Região Geográfica Imediata de Salvador, Região Metropolitana de Salvador, Região Geográfica Intermediária de Salvador, Bahia, Região Nordeste, Brasil",-12.969.817,-385.112.709,"12 58m 11.3412s S, 38 30m 40.5752s W"
Cosme de Farias,2794,72.87,38341,2636,Salvador,"Salvador, Cosme de Farias","Cosme de Farias, Salvador, Região Geográfica Imediata de Salvador, Região Metropolitana de Salvador, Região Geográfica Intermediária de Salvador, Bahia, Região Nordeste, 40253-090, Brasil",-129.801.002,-38.489.061,"12 58m 48.3607s S, 38 29m 20.6196s W"
Costa Azul,2347,116.17,20204,2248,Salvador,"Salvador, Costa Azul","Costa Azul, Salvador, Região Geográfica Imediata de Salvador, Região Metropolitana de Salvador, Região Geográfica Intermediária de Salvador, Bahia, Região Nordeste, Brasil",-129.932.632,-384.448.701,"12 59m 35.7475s S, 38 26m 41.5324s W"
Coutos,1998,76.83,26005,1864,Salvador,"Salvador, Coutos","Coutos, Salvador, Região Geográfica Imediata de Salvador, Região Metropolitana de Salvador, Região Geográfica Intermediária de Salvador, Bahia, Região Nordeste, 40800-570, Brasil",-128.502.501,-38.468.478,"12 51m 0.90036s S, 38 28m 6.5208s W"
Curuzu,1275,76.43,16681,1193,Salvador,"Salvador, Curuzu","Curuzu, Salvador, Região Geográfica Imediata de Salvador, Região Metropolitana de Salvador, Região Geográfica Intermediária de Salvador, Bahia, Região Nordeste, 40366-110, Brasil",-129.457.424,-384.867.286,"12 56m 44.6726s S, 38 29m 12.223s W"
Dois de Julho,973,0.0,0,926,Salvador,"Salvador, Dois de Julho","Dois de Julho, Salvador, Região Geográfica Imediata de Salvador, Região Metropolitana de Salvador, Região Geográfica Intermediária de Salvador, Bahia, Região Nordeste, Brasil",-1.298.085.125,-3.851.700.027.699.380,"12 58m 51.0645s S, 38 31m 1.201s W"
Dom Avelar,922,77.86,11842,882,Salvador,"Salvador, Dom Avelar","Dom Avelar, Salvador, Região Geográfica Imediata de Salvador, Região Metropolitana de Salvador, Região Geográfica Intermediária de Salvador, Bahia, Região Nordeste, 40290-200, Brasil",-129.030.259,-384.487.354,"12 54m 10.8932s S, 38 26m 55.4474s W"
Doron,846,114.67,7378,821,Salvador,"Salvador, Doron","Conjunto Residencial Doron - Cabula IX, COHAB, Salvador, Região Geográfica Imediata de Salvador, Região Metropolitana de Salvador, Região Geográfica Intermediária de Salvador, Bahia, Região Nordeste, Brasil",-12.960.290.449.999.900,-38.441.281.037.286.500,"12 57m 37.0456s S, 38 26m 28.6117s W"
Engenho Velho da Federacao,2053,83.61,24555,1963,Salvador,"Salvador, Engenho Velho da Federacao","Engenho Velho da Federação, Salvador, Região Geográfica Imediata de Salvador, Região Metropolitana de Salvador, Região Geográfica Intermediária de Salvador, Bahia, Região Nordeste, 40230-731, Brasil",-130.002.947,-384.965.017,"13 0m 1.06092s S, 38 29m 47.4061s W"
Engenho Velho de Brotas,3064,119.21,25703,2940,Salvador,"Salvador, Engenho Velho de Brotas","Engenho Velho de Brotas, Salvador, Região Geográfica Imediata de Salvador, Região Metropolitana de Salvador, Região Geográfica Intermediária de Salvador, Bahia, Região Nordeste, Brasil",-129.879.097,-385.018.444,"12 59m 16.4749s S, 38 30m 6.63984s W"
Engomadeira,896,71.39,12550,846,Salvador,"Salvador, Engomadeira","Vila Engomadeira, Barreiras, Salvador, Região Geográfica Imediata de Salvador, Região Metropolitana de Salvador, Região Geográfica Intermediária de Salvador, Bahia, Região Nordeste, Brasil",-1.294.834.605,-3.845.591.277.629.700,"12 56m 54.0458s S, 38 27m 21.286s W"
Fazenda Coutos,1667,68.73,24255,1604,Salvador,"Salvador, Fazenda Coutos","Vila Fazenda Coutos, Coutos, Salvador, Região Geográfica Imediata de Salvador, Região Metropolitana de Salvador, Região Geográfica Intermediária de Salvador, Bahia, Região Nordeste, Brasil",-128.494.996,-3.846.364.167.071.050,"12 50m 58.1986s S, 38 27m 49.11s W"
Fazenda Grande do Retiro,5371,99.82,53806,5069,Salvador,"Salvador, Fazenda Grande do Retiro","Fazenda Grande do Retiro, Salvador, Região Geográfica Imediata de Salvador, Região Metropolitana de Salvador, Região Geográfica Intermediária de Salvador, Bahia, Região Nordeste, 40354-135, Brasil",-129.426.093,-384.800.551,"12 56m 33.3935s S, 38 28m 48.1984s W"
Fazenda Grande I,541,47.21,11459,505,Salvador,"Salvador, Fazenda Grande I","Guarda Civil de Salvador, Rua do Horto, IAPI, Salvador, Região Geográfica Imediata de Salvador, Região Metropolitana de Salvador, Região Geográfica Intermediária de Salvador, Bahia, Região Nordeste, 40354-135, Brasil",-129.472.562,-384.790.222,"12 56m 50.1223s S, 38 28m 44.4799s W"
Fazenda Grande II,1151,63.38,18159,1106,Salvador,"Salvador, Fazenda Grande II","Fazenda Grande II, Salvador, Região Geográfica Imediata de Salvador, Região Metropolitana de Salvador, Região Geográfica Intermediária de Salvador, Bahia, Região Nordeste, Brasil",-128.916.116,-383.938.909,"12 53m 29.8018s S, 38 23m 38.0072s W"
Fazenda Grande III,408,54.66,7464,394,Salvador,"Salvador, Fazenda Grande III",,-12.903.462,-38.395.919,
Fazenda Grande IV,400,83.79,4774,383,Salvador,"Salvador, Fazenda Grande IV",,-12.907.320,-383.886,
Federacao,4615,126.92,36362,4424,Salvador,"Salvador, Federacao","Federação, Salvador, Região Geográfica Imediata de Salvador, Região Metropolitana de Salvador, Região Geográfica Intermediária de Salvador, Bahia, Região Nordeste, Brasil",-129.952.959,-385.070.634,"12 59m 43.0652s S, 38 30m 25.4282s W"
Garcia,1708,120.45,14180,1624,Salvador,"Salvador, Garcia","Garcia, Salvador, Região Geográfica Imediata de Salvador, Região Metropolitana de Salvador, Região Geográfica Intermediária de Salvador, Bahia, Região Nordeste, 40100-200, Brasil",-129.924.205,-385.125.908,"12 59m 32.7138s S, 38 30m 45.3269s W"
Graca,2514,136.23,18454,2377,Salvador,"Salvador, Graca","Graça, Salvador, Região Geográfica Imediata de Salvador, Região Metropolitana de Salvador, Região Geográfica Intermediária de Salvador, Bahia, Região Nordeste, Brasil",-129.994.381,-385.226.463,"12 59m 57.9772s S, 38 31m 21.5267s W"
Granjas Rurais Presidente Vargas,200,100.1,1998,186,Salvador,"Salvador, Granjas Rurais Presidente Vargas",,-12.963.956,-38.477.451,
Horto Florestal,1316,0.0,0,1286,Salvador,"Salvador, Horto Florestal","Horto Florestal, Salvador, Região Geográfica Imediata de Salvador, Região Metropolitana de Salvador, Região Geográfica Intermediária de Salvador, Bahia, Região Nordeste, Brasil",-130.007.732,-384.874.101,"13 0m 2.78352s S, 38 29m 14.6764s W"
IAPI,2641,108.01,24452,2513,Salvador,"Salvador, IAPI","IAPI, Salvador, Região Geográfica Imediata de Salvador, Região Metropolitana de Salvador, Região Geográfica Intermediária de Salvador, Bahia, Região Nordeste, 40354-135, Brasil",-129.528.018,-384.800.883,"12 57m 10.0865s S, 38 28m 48.3179s W"
Ilha Amarela,488,0.0,0,467,Salvador,"Salvador, Ilha Amarela","Ilha Amarela, Itacaranha, Salvador, Região Geográfica Imediata de Salvador, Região Metropolitana de Salvador, Região Geográfica Intermediária de Salvador, Bahia, Região Nordeste, Brasil",-1.289.206.595,-384.730.414.838.599,"12 53m 31.4374s S, 38 28m 22.9493s W"
Ilha de Bom Jesus dos Passos,200,136.52,1465,200,Salvador,"Salvador, Ilha de Bom Jesus dos Passos","Ilha de Bom Jesus dos Passos, Salvador, Região Geográfica Imediata de Salvador, Região Metropolitana de Salvador, Região Geográfica Intermediária de Salvador, Bahia, Região Nordeste, Brasil, Ilha de Bom Jesus dos Passos",-1.276.063.295,-3.864.115.852.262.280,"12 45m 38.2786s S, 38 38m 28.1707s W"
Ilha de Mare,239,56.42,4236,232,Salvador,"Salvador, Ilha de Mare","Salvador, Região Geográfica Imediata de Salvador, Região Metropolitana de Salvador, Região Geográfica Intermediária de Salvador, Bahia, Região Nordeste, Brasil, Ilha de Maré",-12.770.587.899.999.900,-38.525.477.942.266.800,"12 46m 14.1164s S, 38 31m 31.7206s W"
Ilha dos Frades,36,49.11,733,34,Salvador,"Salvador, Ilha dos Frades","Salvador, Região Geográfica Imediata de Salvador, Região Metropolitana de Salvador, Região Geográfica Intermediária de Salvador, Bahia, Região Nordeste, Brasil, Ilha dos Frades",-1.278.622.045,-3.863.531.556.020.410,"12 47m 10.3936s S, 38 38m 7.13602s W"
Imbui,4595,173.13,26540,4453,Salvador,"Salvador, Imbui","Imbuí, Salvador, Região Geográfica Imediata de Salvador, Região Metropolitana de Salvador, Região Geográfica Intermediária de Salvador, Bahia, Região Nordeste, Brasil",-129.697.591,-384.350.431,"12 58m 11.1328s S, 38 26m 6.15516s W"
Itacaranha,1325,82.36,16088,1246,Salvador,"Salvador, Itacaranha","Itacaranha, Salvador, Região Geográfica Imediata de Salvador, Região Metropolitana de Salvador, Região Geográfica Intermediária de Salvador, Bahia, Região Nordeste, 40711-160, Brasil",-128.891.259,-38.482.089,"12 53m 20.8532s S, 38 28m 55.5204s W"
Itaigara,2366,217.58,10874,2258,Salvador,"Salvador, Itaigara","Itaigara, Salvador, Região Geográfica Imediata de Salvador, Região Metropolitana de Salvador, Região Geográfica Intermediária de Salvador, Bahia, Região Nordeste, Brasil",-129.918.874,-384.659.443,"12 59m 30.7946s S, 38 27m 57.3995s W"
Itapua,6639,99.15,66961,6264,Salvador,"Salvador, Itapua","Itapuã, Salvador, Região Geográfica Imediata de Salvador, Região Metropolitana de Salvador, Região Geográfica Intermediária de Salvador, Bahia, Região Nordeste, Brasil",-12.942.418,-3.835.874,"12 56m 32.7048s S, 38 21m 31.464s W"
Itinga,436,36.48,11951,416,Salvador,"Salvador, Itinga","Itinga, Salvador, Região Geográfica Imediata de Salvador, Região Metropolitana de Salvador, Região Geográfica Intermediária de Salvador, Bahia, Região Nordeste, Brasil",-128.802.195,-383.599.894,"12 52m 48.7902s S, 38 21m 35.9618s W"
Jardim Armacao,2193,724.96,3025,2125,Salvador,"Salvador, Jardim Armacao","Jardim Armação, Salvador, Região Geográfica Imediata de Salvador, Região Metropolitana de Salvador, Região Geográfica Intermediária de Salvador, Bahia, Região Nordeste, Brasil",-129.862.102,-38.438.865,"12 59m 10.3567s S, 38 26m 19.914s W"
Jardim Cajazeiras,582,76.86,7572,550,Salvador,"Salvador, Jardim Cajazeiras","Jardim Cajazeiras, Salvador, Região Geográfica Imediata de Salvador, Região Metropolitana de Salvador, Região Geográfica Intermediária de Salvador, Bahia, Região Nordeste, 41230-080, Brasil",-129.173.516,-384.498.777,"12 55m 2.46576s S, 38 26m 59.5597s W"
Jardim das Margaridas,1397,304.22,4592,1351,Salvador,"Salvador, Jardim das Margaridas","Jardim das Margaridas, Salvador, Região Geográfica Imediata de Salvador, Região Metropolitana de Salvador, Região Geográfica Intermediária de Salvador, Bahia, Região Nordeste, Brasil",-128.989.638,-383.580.566,"12 53m 56.2697s S, 38 21m 29.0038s W"
Jardim Nova Esperanca,1242,88.66,14008,1210,Salvador,"Salvador, Jardim Nova Esperanca","Vila Jardim Nova Esperança, Cajazeiras, Salvador, Região Geográfica Imediata de Salvador, Região Metropolitana de Salvador, Região Geográfica Intermediária de Salvador, Bahia, Região Nordeste, Brasil",-1.290.723.615,-3.841.756.498.937.830,"12 54m 26.0501s S, 38 25m 3.23396s W"
Jardim Santo Inacio,879,101.38,8670,815,Salvador,"Salvador, Jardim Santo Inacio","Jardim Santo Inácio, Salvador, Região Geográfica Imediata de Salvador, Região Metropolitana de Salvador, Região Geográfica Intermediária de Salvador, Bahia, Região Nordeste, 41230-080, Brasil",-129.293.279,-384.608.991,"12 55m 45.5804s S, 38 27m 39.2368s W"
Lapinha,142,28.38,5004,135,Salvador,"Salvador, Lapinha","Lapinha, Salvador, Região Geográfica Imediata de Salvador, Região Metropolitana de Salvador, Região Geográfica Intermediária de Salvador, Bahia, Região Nordeste, Brasil",-129.553.714,-38.499.149,"12 57m 19.337s S, 38 29m 56.9364s W"
Liberdade,4916,117.6,41802,4702,Salvador,"Salvador, Liberdade","Liberdade, Salvador, Região Geográfica Imediata de Salvador, Região Metropolitana de Salvador, Região Geográfica Intermediária de Salvador, Bahia, Região Nordeste, Brasil",-12.946.662,-384.939.829,"12 56m 47.9832s S, 38 29m 38.3384s W"
Lobato,2916,99.97,29169,2767,Salvador,"Salvador, Lobato","Lobato, Salvador, Região Geográfica Imediata de Salvador, Região Metropolitana de Salvador, Região Geográfica Intermediária de Salvador, Bahia, Região Nordeste, 40750-110, Brasil",-129.220.268,-384.880.354,"12 55m 19.2965s S, 38 29m 16.9274s W"
Luiz Anselmo,1170,101.71,11503,1127,Salvador,"Salvador, Luiz Anselmo","Luiz Anselmo, Salvador, Região Geográfica Imediata de Salvador, Região Metropolitana de Salvador, Região Geográfica Intermediária de Salvador, Bahia, Região Nordeste, 40260-365, Brasil",-129.757.196,-384.855.604,"12 58m 32.5906s S, 38 29m 8.01744s W"
Macaubas,612,71.53,8556,570,Salvador,"Salvador, Macaubas","Macaúbas, Salvador, Região Geográfica Imediata de Salvador, Região Metropolitana de Salvador, Região Geográfica Intermediária de Salvador, Bahia, Região Nordeste, Brasil",-1.296.581,-384.960.329,"12 57m 56.916s S, 38 29m 45.7184s W"
Marechal Rondon,1327,68.16,19470,1255,Salvador,"Salvador, Marechal Rondon","Vila Campinas de Pirajá - Marechal Rondon, Marechal Rondom, Salvador, Região Geográfica Imediata de Salvador, Região Metropolitana de Salvador, Região Geográfica Intermediária de Salvador, Bahia, Região Nordeste, Brasil",-12.915.225.849.999.900,-3.846.876.095.556.050,"12 54m 54.8131s S, 38 28m 7.53944s W"
Mares,198,83.93,2359,182,Salvador,"Salvador, Mares","Mares, Salvador, Região Geográfica Imediata de Salvador, Região Metropolitana de Salvador, Região Geográfica Intermediária de Salvador, Bahia, Região Nordeste, Brasil",-129.419.032,-385.011.006,"12 56m 30.8515s S, 38 30m 3.96216s W"
Massaranduba,1889,93.7,20160,1769,Salvador,"Salvador, Massaranduba","Massaranduba, Salvador, Região Geográfica Imediata de Salvador, Região Metropolitana de Salvador, Região Geográfica Intermediária de Salvador, Bahia, Região Nordeste, 40435-340, Brasil",-129.280.617,-384.965.471,"12 55m 41.0221s S, 38 29m 47.5696s W"
Mata Escura,3036,93.85,32349,2952,Salvador,"Salvador, Mata Escura","Mata Escura, Salvador, Região Geográfica Imediata de Salvador, Região Metropolitana de Salvador, Região Geográfica Intermediária de Salvador, Bahia, Região Nordeste, 41213-122, Brasil",-129.322.976,-384.583.242,"12 55m 56.2714s S, 38 27m 29.9671s W"
Matatu,1726,163.73,10542,1643,Salvador,"Salvador, Matatu","Matatu, Salvador, Região Geográfica Imediata de Salvador, Região Metropolitana de Salvador, Região Geográfica Intermediária de Salvador, Bahia, Região Nordeste, 40255-436, Brasil",-129.721.615,-384.941.016,"12 58m 19.7814s S, 38 29m 38.7658s W"
Mirantes de Periperi,162,0.0,0,156,Salvador,"Salvador, Mirantes de Periperi","Rio Sena, Periperi, Salvador, Região Geográfica Imediata de Salvador, Região Metropolitana de Salvador, Região Geográfica Intermediária de Salvador, Bahia, Região Nordeste, Brasil, Praça Final de Linha Mirantes de Periperi",-12.873.744.250.000.000,-38.467.822.364.595.400,"12 52m 25.4793s S, 38 28m 4.16051s W"
Monte Serrat,614,93.17,6590,586,Salvador,"Salvador, Monte Serrat","Monte Serrat, Salvador, Região Geográfica Imediata de Salvador, Região Metropolitana de Salvador, Região Geográfica Intermediária de Salvador, Bahia, Região Nordeste, 40425-060, Brasil",-129.285.763,-385.135.946,"12 55m 42.8747s S, 38 30m 48.9406s W"
Moradas da Lagoa,19,1.17,16189,17,Salvador,"Salvador, Moradas da Lagoa",,-12.853.843,-38.450.003,
Mussurunga,2301,74.62,30838,2174,Salvador,"Salvador, Mussurunga","Mussurunga, Salvador, Região Geográfica Imediata de Salvador, Região Metropolitana de Salvador, Região Geográfica Intermediária de Salvador, Bahia, Região Nordeste, 41490-350, Brasil",-129.161.292,-383.750.491,"12 54m 58.0651s S, 38 22m 30.1768s W"
Narandiba,1108,77.12,14368,1073,Salvador,"Salvador, Narandiba","Narandiba, Avenida Edgard Santos, COHAB, Salvador, Região Geográfica Imediata de Salvador, Região Metropolitana de Salvador, Região Geográfica Intermediária de Salvador, Bahia, Região Nordeste, 41192-005, Brasil",-129.619.553,-38.437.845,"12 57m 43.0391s S, 38 26m 16.242s W"
Nazare,1806,143.66,12571,1686,Salvador,"Salvador, Nazare","Nazaré, Salvador, Região Geográfica Imediata de Salvador, Região Metropolitana de Salvador, Região Geográfica Intermediária de Salvador, Bahia, Região Nordeste, Brasil",-129.784.418,-385.076.399,"12 58m 42.3905s S, 38 30m 27.5036s W"
Nordeste de Amaralina,2757,125.97,21887,2640,Salvador,"Salvador, Nordeste de Amaralina","Nordeste de Amaralina, Salvador, Região Geográfica Imediata de Salvador, Região Metropolitana de Salvador, Região Geográfica Intermediária de Salvador, Bahia, Região Nordeste, 41905-365, Brasil",-130.098.052,-38.473.546,"13 0m 35.2987s S, 38 28m 24.7656s W"
Nova Brasilia,2567,153.57,16716,2439,Salvador,"Salvador, Nova Brasilia","Salvador, Anagé, Região Geográfica Imediata de Vitória da Conquista, Região Geográfica Intermediária de Vitória da Conquista, Bahia, Região Nordeste, Brasil",-12.919.903,-38.406.869,"14 42m 12.2159s S, 41 3m 9.52812s W"
Nova Constituinte,82,8.71,9410,81,Salvador,"Salvador, Nova Constituinte","Vila Nova Constituinte, Coutos, Salvador, Região Geográfica Imediata de Salvador, Região Metropolitana de Salvador, Região Geográfica Intermediária de Salvador, Bahia, Região Nordeste, Brasil",-1.285.331.875,-38.464.375.213.237.100,"12 51m 11.9475s S, 38 27m 51.7508s W"
Nova Esperanca,526,78.13,6732,509,Salvador,"Salvador, Nova Esperanca","Nova Esperança, Salvador, Região Geográfica Imediata de Salvador, Região Metropolitana de Salvador, Região Geográfica Intermediária de Salvador, Bahia, Região Nordeste, Brasil",-128.426.632,-383.729.276,"12 50m 33.5875s S, 38 22m 22.5394s W"
Nova Sussuarana,177,14.5,12206,166,Salvador,"Salvador, Nova Sussuarana","Nova Sussuarana, Novo Horizonte, Salvador, Região Geográfica Imediata de Salvador, Região Metropolitana de Salvador, Região Geográfica Intermediária de Salvador, Bahia, Região Nordeste, 41218-072, Brasil",-129.350.792,-38.437.649,"12 56m 6.28512s S, 38 26m 15.5364s W"
Novo Horizonte,795,61.38,12952,771,Salvador,"Salvador, Novo Horizonte","Novo Horizonte, Salvador, Região Geográfica Imediata de Salvador, Região Metropolitana de Salvador, Região Geográfica Intermediária de Salvador, Bahia, Região Nordeste, 41218-072, Brasil",-129.409.831,-38.439.391,"12 56m 27.5392s S, 38 26m 21.8076s W"
Novo Marotinho,182,42.94,4238,175,Salvador,"Salvador, Novo Marotinho","Novo Marotinho, Salvador, Região Geográfica Imediata de Salvador, Região Metropolitana de Salvador, Região Geográfica Intermediária de Salvador, Bahia, Região Nordeste, Brasil",-129.155.472,-384.248.704,"12 54m 55.9699s S, 38 25m 29.5334s W"
Ondina,2032,100.11,20298,1907,Salvador,"Salvador, Ondina","Ondina, Salvador, Região Geográfica Imediata de Salvador, Região Metropolitana de Salvador, Região Geográfica Intermediária de Salvador, Bahia, Região Nordeste, Brasil",-13.010.398,-38.511.699,"13 0m 37.4328s S, 38 30m 42.1164s W"
Palestina,333,55.44,6007,311,Salvador,"Salvador, Palestina","Palestina, Salvador, Região Geográfica Imediata de Salvador, Região Metropolitana de Salvador, Região Geográfica Intermediária de Salvador, Bahia, Região Nordeste, 41341-590, Brasil",-128.735.643,-384.164.029,"12 52m 24.8315s S, 38 24m 59.0504s W"
Paripe,4119,74.84,55039,3925,Salvador,"Salvador, Paripe","Paripe, Salvador, Região Geográfica Imediata de Salvador, Região Metropolitana de Salvador, Região Geográfica Intermediária de Salvador, Bahia, Região Nordeste, 40800-570, Brasil",-128.380.062,-384.692.031,"12 50m 16.8223s S, 38 28m 9.13116s W"
Patamares,3166,514.29,6156,3105,Salvador,"Salvador, Patamares","Patamares, Salvador, Região Geográfica Imediata de Salvador, Região Metropolitana de Salvador, Região Geográfica Intermediária de Salvador, Bahia, Região Nordeste, Brasil",-129.469.192,-384.018.961,"12 56m 48.9091s S, 38 24m 6.82596s W"
Pau da Lima,2359,95.53,24693,2237,Salvador,"Salvador, Pau da Lima","Vila Pau da Lima, Jardim Cajazeiras, Salvador, Região Geográfica Imediata de Salvador, Região Metropolitana de Salvador, Região Geográfica Intermediária de Salvador, Bahia, Região Nordeste, Brasil",-12.922.895.950.000.000,-38.445.968.419.006.600,"12 55m 22.4254s S, 38 26m 45.4863s W"
Pau Miudo,2727,131.49,20740,2587,Salvador,"Salvador, Pau Miudo","Pau Miúdo, Salvador, Região Geográfica Imediata de Salvador, Região Metropolitana de Salvador, Região Geográfica Intermediária de Salvador, Bahia, Região Nordeste, 40320-350, Brasil",-129.599.036,-38.480.808,"12 57m 35.653s S, 38 28m 50.9088s W"
Periperi,3360,71.22,47179,3091,Salvador,"Salvador, Periperi","Periperi, Salvador, Região Geográfica Imediata de Salvador, Região Metropolitana de Salvador, Região Geográfica Intermediária de Salvador, Bahia, Região Nordeste, 40720-050, Brasil",-128.633.545,-384.736.719,"12 51m 48.0762s S, 38 28m 25.2188s W"
Pernambues,7807,120.14,64983,7557,Salvador,"Salvador, Pernambues","Pernambués, Salvador, Região Geográfica Imediata de Salvador, Região Metropolitana de Salvador, Região Geográfica Intermediária de Salvador, Bahia, Região Nordeste, Brasil",-129.699.369,-384.661.334,"12 58m 11.7728s S, 38 27m 58.0802s W"
Pero Vaz,1902,86.24,22054,1789,Salvador,"Salvador, Pero Vaz","Pero Vaz, Salvador, Região Geográfica Imediata de Salvador, Região Metropolitana de Salvador, Região Geográfica Intermediária de Salvador, Bahia, Região Nordeste, 40335-000, Brasil",-129.499.279,-384.886.385,"12 56m 59.7404s S, 38 29m 19.0986s W"
Piata,3013,263.35,11441,2907,Salvador,"Salvador, Piata","Piatã, Salvador, Região Geográfica Imediata de Salvador, Região Metropolitana de Salvador, Região Geográfica Intermediária de Salvador, Bahia, Região Nordeste, Brasil",-129.483.348,-383.873.458,"12 56m 54.0053s S, 38 23m 14.4449s W"
Piraja,3143,94.27,33341,3005,Salvador,"Salvador, Piraja","Pirajá, Salvador, Região Geográfica Imediata de Salvador, Região Metropolitana de Salvador, Região Geográfica Intermediária de Salvador, Bahia, Região Nordeste, 40290-200, Brasil",-128.997.883,-384.611.127,"12 53m 59.2379s S, 38 27m 40.0057s W"
Pituacu,2141,143.87,14881,2062,Salvador,"Salvador, Pituacu","Pituaçu, Salvador, Região Geográfica Imediata de Salvador, Região Metropolitana de Salvador, Região Geográfica Intermediária de Salvador, Bahia, Região Nordeste, Brasil",-129.651.749,-384.143.371,"12 57m 54.6296s S, 38 24m 51.6136s W"
Pituba,9738,149.45,65160,9368,Salvador,"Salvador, Pituba","Pituba, Salvador, Região Geográfica Imediata de Salvador, Região Metropolitana de Salvador, Região Geográfica Intermediária de Salvador, Bahia, Região Nordeste, Brasil",-129.992.595,-384.554.978,"12 59m 57.3342s S, 38 27m 19.7921s W"
Plataforma,3408,100.14,34034,3196,Salvador,"Salvador, Plataforma","Plataforma, Salvador, Região Geográfica Imediata de Salvador, Região Metropolitana de Salvador, Região Geográfica Intermediária de Salvador, Bahia, Região Nordeste, 40710-500, Brasil",-129.004.393,-384.868.515,"12 54m 1.58148s S, 38 29m 12.6654s W"
Porto Seco Piraja,11,152.78,72,10,Salvador,"Salvador, Porto Seco Piraja","Porto Seco Pirajá, Salvador, Região Geográfica Imediata de Salvador, Região Metropolitana de Salvador, Região Geográfica Intermediária de Salvador, Bahia, Região Nordeste, 40290-200, Brasil",-129.104.078,-384.548.988,"12 54m 37.4681s S, 38 27m 17.6357s W"
Praia Grande,1028,168.77,6091,970,Salvador,"Salvador, Praia Grande","Praia Grande, Salvador, Região Geográfica Imediata de Salvador, Região Metropolitana de Salvador, Região Geográfica Intermediária de Salvador, Bahia, Região Nordeste, Brasil",-128.730.561,-38.475.688,"12 52m 23.002s S, 38 28m 32.4768s W"
Resgate,704,104.95,6708,682,Salvador,"Salvador, Resgate","Resgate, Salvador, Região Geográfica Imediata de Salvador, Região Metropolitana de Salvador, Região Geográfica Intermediária de Salvador, Bahia, Região Nordeste, Brasil",-129.616.245,-384.638.779,"12 57m 41.8482s S, 38 27m 49.9604s W"
Retiro,151,576.34,262,145,Salvador,"Salvador, Retiro","Retiro, Rodovia Engenheiro Vasco Filho, Horto Bela Vista, Bom Retiro, Salvador, Região Geográfica Imediata de Salvador, Região Metropolitana de Salvador, Região Geográfica Intermediária de Salvador, Bahia, Região Nordeste, 41098-030, Brasil",-1.295.600.215,-3.847.212.849.657.870,"12 57m 21.6077s S, 38 28m 19.6626s W"
Ribeira,2156,110.12,19578,2043,Salvador,"Salvador, Ribeira","Ribeira, Salvador, Região Geográfica Imediata de Salvador, Região Metropolitana de Salvador, Região Geográfica Intermediária de Salvador, Bahia, Região Nordeste, Brasil",-129.160.012,-384.969.272,"12 54m 57.6043s S, 38 29m 48.9379s W"
Rio Sena,1015,61.97,16379,962,Salvador,"Salvador, Rio Sena","Rio Sena, Alto da Terezinha, Salvador, Região Geográfica Imediata de Salvador, Região Metropolitana de Salvador, Região Geográfica Intermediária de Salvador, Bahia, Região Nordeste, 40711-160, Brasil",-128.792.492,-38.478.344,"12 52m 45.2971s S, 38 28m 42.0384s W"
Rio Vermelho,3061,166.96,18334,2943,Salvador,"Salvador, Rio Vermelho","Rio Vemelho, Salvador, Região Geográfica Imediata de Salvador, Região Metropolitana de Salvador, Região Geográfica Intermediária de Salvador, Bahia, Região Nordeste, Brasil",-13.009.615,-38.498.587,"13 0m 34.614s S, 38 29m 54.9132s W"
Roma,340,93.51,3636,304,Salvador,"Salvador, Roma","Roma, Salvador, Região Geográfica Imediata de Salvador, Região Metropolitana de Salvador, Região Geográfica Intermediária de Salvador, Bahia, Região Nordeste, Brasil",-129.349.632,-385.038.883,"12 56m 5.86752s S, 38 30m 13.9979s W"
Saboeiro,1173,175.55,6682,1136,Salvador,"Salvador, Saboeiro","Segunda Travessa do Saboeiro, COHAB, Salvador, Região Geográfica Imediata de Salvador, Região Metropolitana de Salvador, Região Geográfica Intermediária de Salvador, Bahia, Região Nordeste, 41180-780, Brasil",-129.578.268,-384.474.626,"12 57m 28.1765s S, 38 26m 50.8654s W"
Santa Cruz,4275,157.85,27083,4119,Salvador,"Salvador, Santa Cruz","Santa Cruz, Salvador, Região Geográfica Imediata de Salvador, Região Metropolitana de Salvador, Região Geográfica Intermediária de Salvador, Bahia, Região Nordeste, Brasil",-130.042.766,-384.754.641,"13 0m 15.3958s S, 38 28m 31.6708s W"
Santa Luzia,22,2.86,7702,20,Salvador,"Salvador, Santa Luzia","Santa Luzia (Monotrilho), Rua Voluntarios da Patria, Santa Luzia do Lobato, Salvador, Região Geográfica Imediata de Salvador, Região Metropolitana de Salvador, Região Geográfica Intermediária de Salvador, Bahia, Região Nordeste, 40395-200, Brasil",-1.293.524.655,-38.490.180.134.629.500,"12 56m 6.88758s S, 38 29m 24.6485s W"
Santa Monica,554,74.98,7389,534,Salvador,"Salvador, Santa Monica","Santa Mônica, Salvador, Região Geográfica Imediata de Salvador, Região Metropolitana de Salvador, Região Geográfica Intermediária de Salvador, Bahia, Região Nordeste, 40366-110, Brasil",-1.294.875,-384.840.299,"12 56m 55.5s S, 38 29m 2.50764s W"
Santo Agostinho,23,4.8,4796,21,Salvador,"Salvador, Santo Agostinho","Santo Agostinho, Salvador, Região Geográfica Imediata de Salvador, Região Metropolitana de Salvador, Região Geográfica Intermediária de Salvador, Bahia, Região Nordeste, Brasil",-129.742.316,-384.974.353,"12 58m 27.2338s S, 38 29m 50.7671s W"
Santo Antonio,392,94.0,4170,356,Salvador,"Salvador, Santo Antonio","Santo Antônio, Salvador, Região Geográfica Imediata de Salvador, Região Metropolitana de Salvador, Região Geográfica Intermediária de Salvador, Bahia, Região Nordeste, Brasil",-129.649.736,-385.041.867,"12 57m 53.905s S, 38 30m 15.0721s W"
Sao Caetano,3635,71.05,51159,3442,Salvador,"Salvador, Sao Caetano","São Caetano, Salvador, Região Geográfica Imediata de Salvador, Região Metropolitana de Salvador, Região Geográfica Intermediária de Salvador, Bahia, Região Nordeste, 40391-161, Brasil",-129.327.242,-384.810.964,"12 55m 57.8071s S, 38 28m 51.947s W"
Sao Cristovao,4533,84.09,53906,4337,Salvador,"Salvador, Sao Cristovao","São Cristóvão, Salvador, Região Geográfica Imediata de Salvador, Região Metropolitana de Salvador, Região Geográfica Intermediária de Salvador, Bahia, Região Nordeste, 41510-000, Brasil",-129.082.767,-383.610.352,"12 54m 29.7961s S, 38 21m 39.7267s W"
Sao Goncalo,1295,74.96,17275,1243,Salvador,"Salvador, Sao Goncalo","São Gonçalo do Retiro, Salvador, Região Geográfica Imediata de Salvador, Região Metropolitana de Salvador, Região Geográfica Intermediária de Salvador, Bahia, Região Nordeste, 41150-000, Brasil",-129.519.704,-384.684.976,"12 57m 7.09344s S, 38 28m 6.59136s W"
Sao Joao do Cabrito,350,16.44,21284,325,Salvador,"Salvador, Sao Joao do Cabrito","Rua Senhor do Bonfim do Cabrito, Vila São João de Plataforma, Plataforma, Salvador, Região Geográfica Imediata de Salvador, Região Metropolitana de Salvador, Região Geográfica Intermediária de Salvador, Bahia, Região Nordeste, 40710-500, Brasil",-128.996.459,-384.771.463,"12 53m 58.7252s S, 38 28m 37.7267s W"
Sao Marcos,5083,177.78,28591,4920,Salvador,"Salvador, Sao Marcos","Rua Salvador, São Marcos, Região de Serra Sede, Serra, Região Geográfica Imediata de Vitória, Região Metropolitana da Grande Vitória, Região Geográfica Intermediária de Vitória, Espírito Santo, Região Sudeste, 29177-115, Brasil",-12.929.550,-38.426.776,"20 7m 32.5373s S, 40 19m 13.1484s W"
Sao Rafael,209,8.1,25790,184,Salvador,"Salvador, Sao Rafael","São Rafael, Salvador, Região Geográfica Imediata de Salvador, Região Metropolitana de Salvador, Região Geográfica Intermediária de Salvador, Bahia, Região Nordeste, 41250-403, Brasil",-129.366.815,-384.245.897,"12 56m 12.0534s S, 38 25m 28.5229s W"
Sao Tome,421,58.42,7207,396,Salvador,"Salvador, Sao Tome","São Tomé de Paripe, Salvador, Região Geográfica Imediata de Salvador, Região Metropolitana de Salvador, Região Geográfica Intermediária de Salvador, Bahia, Região Nordeste, 40800-570, Brasil",-128.175.967,-384.854.044,"12 49m 3.34812s S, 38 29m 7.45584s W"
Saramandaia,287,25.46,11272,277,Salvador,"Salvador, Saramandaia","Saramandaia, Salvador, Região Geográfica Imediata de Salvador, Região Metropolitana de Salvador, Região Geográfica Intermediária de Salvador, Bahia, Região Nordeste, Brasil",-129.741.514,-384.686.548,"12 58m 26.945s S, 38 28m 7.15728s W"
Saude,402,64.51,6232,381,Salvador,"Salvador, Saude","Saúde, Salvador, Região Geográfica Imediata de Salvador, Região Metropolitana de Salvador, Região Geográfica Intermediária de Salvador, Bahia, Região Nordeste, Brasil",-129.725.454,-38.506.182,"12 58m 21.1634s S, 38 30m 22.2552s W"
Sete de Abril,1468,80.59,18215,1400,Salvador,"Salvador, Sete de Abril","Vila Bosque Real - 7 de Abril, Salvador, Região Geográfica Imediata de Salvador, Região Metropolitana de Salvador, Região Geográfica Intermediária de Salvador, Bahia, Região Nordeste, Brasil",-1.291.906.995,-3.843.447.894.533.590,"12 55m 8.65182s S, 38 26m 4.1242s W"
Stella Maris,3094,149.9,20641,2981,Salvador,"Salvador, Stella Maris","Stella Maris, Salvador, Região Geográfica Imediata de Salvador, Região Metropolitana de Salvador, Região Geográfica Intermediária de Salvador, Bahia, Região Nordeste, Brasil",-129.377.602,-383.346.758,"12 56m 15.9367s S, 38 20m 4.83288s W"
STIEP,1574,115.35,13646,1511,Salvador,"Salvador, STIEP","STIEP, Salvador, Região Geográfica Imediata de Salvador, Região Metropolitana de Salvador, Região Geográfica Intermediária de Salvador, Bahia, Região Nordeste, Brasil",-129.804.811,-384.465.942,"12 58m 49.732s S, 38 26m 47.7391s W"
Sussuarana,3439,119.37,28809,3282,Salvador,"Salvador, Sussuarana","Sussuarana, Salvador, Região Geográfica Imediata de Salvador, Região Metropolitana de Salvador, Região Geográfica Intermediária de Salvador, Bahia, Região Nordeste, 41213-122, Brasil",-129.347.768,-384.460.352,"12 56m 5.19648s S, 38 26m 45.7267s W"
Tororo,583,123.6,4717,562,Salvador,"Salvador, Tororo","Tororó, Salvador, Região Geográfica Imediata de Salvador, Região Metropolitana de Salvador, Região Geográfica Intermediária de Salvador, Bahia, Região Nordeste, Brasil",-129.846.057,-385.092.005,"12 59m 4.58052s S, 38 30m 33.1218s W"
Trobogy,952,133.0,7158,930,Salvador,"Salvador, Trobogy","Trobogy, Salvador, Região Geográfica Imediata de Salvador, Região Metropolitana de Salvador, Região Geográfica Intermediária de Salvador, Bahia, Região Nordeste, Brasil",-129.329.398,-384.008.646,"12 55m 58.5833s S, 38 24m 3.11256s W"
Uruguai,2734,90.02,30370,2578,Salvador,"Salvador, Uruguai","Uruguai, Salvador, Região Geográfica Imediata de Salvador, Região Metropolitana de Salvador, Região Geográfica Intermediária de Salvador, Bahia, Região Nordeste, Brasil",-129.345.334,-384.950.228,"12 56m 4.32024s S, 38 29m 42.0821s W"
Vale das Pedrinhas,292,56.57,5162,281,Salvador,"Salvador, Vale das Pedrinhas","Vale das Pedrinhas, Salvador, Região Geográfica Imediata de Salvador, Região Metropolitana de Salvador, Região Geográfica Intermediária de Salvador, Bahia, Região Nordeste, Brasil",-130.083.485,-384.823.472,"13 0m 30.0546s S, 38 28m 56.4499s W"
Vale dos Lagos,183,14.23,12860,176,Salvador,"Salvador, Vale dos Lagos","Colégio Estadual Vale dos Lagos, Estrada da Muriçoca, São Rafael, Salvador, Região Geográfica Imediata de Salvador, Região Metropolitana de Salvador, Região Geográfica Intermediária de Salvador, Bahia, Região Nordeste, 41250-500, Brasil",-129.335.843,-3.842.150.383.255.650,"12 56m 0.90348s S, 38 25m 17.4138s W"
Valeria,1748,66.69,26210,1634,Salvador,"Salvador, Valeria","Valéria, Salvador, Região Geográfica Imediata de Salvador, Região Metropolitana de Salvador, Região Geográfica Intermediária de Salvador, Bahia, Região Nordeste, 41300-025, Brasil",-12.861.071,-38.433.227,"12 51m 39.8556s S, 38 25m 59.6172s W"
Vila Canaria,1071,95.47,11218,1034,Salvador,"Salvador, Vila Canaria","Vila Canária, Jardim Cajazeiras, Salvador, Região Geográfica Imediata de Salvador, Região Metropolitana de Salvador, Região Geográfica Intermediária de Salvador, Bahia, Região Nordeste, Brasil",-1.291.400.765,-3.844.336.355.894.240,"12 54m 50.4275s S, 38 26m 36.1088s W"
Vila Laura,2267,156.09,14524,2194,Salvador,"Salvador, Vila Laura","Vila Laura, Salvador, Região Geográfica Imediata de Salvador, Região Metropolitana de Salvador, Região Geográfica Intermediária de Salvador, Bahia, Região Nordeste, Brasil",-129.707.211,-384.882.326,"12 58m 14.596s S, 38 29m 17.6374s W"
Vila Ruy Barbosa/Jardim Cruzeiro,1575,80.99,19448,1488,Salvador,"Salvador, Vila Ruy Barbosa/Jardim Cruzeiro","Vila Ruy Barbosa / Jardim Cruzeiro, Salvador, Região Geográfica Imediata de Salvador, Região Metropolitana de Salvador, Região Geográfica Intermediária de Salvador, Bahia, Região Nordeste, Brasil",-129.316.013,-384.994.948,"12 55m 53.7647s S, 38 29m 58.1813s W"
Vista Alegre,134,0.0,0,131,Salvador,"Salvador, Vista Alegre","Vista Alegre, Coutos, Salvador, Região Geográfica Imediata de Salvador, Região Metropolitana de Salvador, Região Geográfica Intermediária de Salvador, Bahia, Região Nordeste, Brasil",-12.852.824,-3.846.139.505.695.410,"12 51m 10.1664s S, 38 27m 41.0222s W"
Vitoria,766,146.6,5225,727,Salvador,"Salvador, Vitoria","Vitória, Salvador, Região Geográfica Imediata de Salvador, Região Metropolitana de Salvador, Região Geográfica Intermediária de Salvador, Bahia, Região Nordeste, Brasil",-129.929.784,-385.263.187,"12 59m 34.7222s S, 38 31m 34.7473s W"